дата в UNIX-формате|сколько баллов|имя_кому_меняли|кто_менял|причина||||
1451716260|+1|WR||За добавление сообщения в теме <a href='index.php?id=1011001' target=_blank>Возможности скрипта форума WR-Forum 2.0</a>||||
1706504143|+5|LeslieInvop||За добавление темы <a href='index.php?id=1041001' target=_blank>bangladesh news</a>|1041001|||
1708909146|+5|Raymondirord||За добавление темы <a href='index.php?id=1041004' target=_blank>A cutting-edge system of email distribution.</a>|1041004|||
1711883876|+5|Tobiasaleft||За добавление темы <a href='index.php?id=1041002' target=_blank>Are you searching for a value-for-money and imaginative adve</a>|1041002|||
1714923037|+5|Tobiasaleft||За добавление темы <a href='index.php?id=1041003' target=_blank>Promote your products and services with the best advertising</a>|1041003|||
1719248439|+5|X22Crach||За добавление темы <a href='index.php?id=1041009' target=_blank>Test, just a XRumer 23 StrongAI test.</a>|1041009|||
1719708730|+5|X22Crach||За добавление темы <a href='index.php?id=1041012' target=_blank>Test, just a XRumer 23 StrongAI test..</a>|1041012|||
1736809180|+5|Michaelninee||За добавление темы <a href='index.php?id=1021001' target=_blank>По поводу заинтересованных клиентов</a>|1021001|||
1736860351|+1|VincentLed||За добавление сообщения в теме <a href='index.php?id=1021001' target=_blank>По поводу заинтересованных клиентов</a>|1021001|||
1737545691|+1|DavidVat||За добавление сообщения в теме <a href='index.php?id=1021001' target=_blank>По поводу заинтересованных клиентов</a>|1021001|||
1738073025|+5|alexus030||За добавление темы <a href='index.php?id=1021003' target=_blank>Новая эра кибершахмат. Kraken Darknet</a>|1021003|||
1757216786|+5|vivodirkutskorect||За добавление темы <a href='index.php?id=1021065' target=_blank>вывод из запоя круглосуточно иркутск</a>|1021065|||
1760044809|+5|GeorgeRom||За добавление темы <a href='index.php?id=1021066' target=_blank>Aloha, i am writing about the price</a>|1021066|||
1760421785|+5|Emmaped||За добавление темы <a href='index.php?id=1011007' target=_blank>Ваш сайт в&#</a>|1011007|||
1762123068|+5|Oliviaped||За добавление темы <a href='index.php?id=1011008' target=_blank>Сделайте &#1</a>|1011008|||
1762360925|+5|GeorgeRom||За добавление темы <a href='index.php?id=1021067' target=_blank>Hi  write about the prices</a>|1021067|||
1763160939|+5|Isabellaped8370||За добавление темы <a href='index.php?id=1011009' target=_blank>&quot;Сексуаль&#1</a>|1011009|||
1763935038|+5|Ameliaped6976||За добавление темы <a href='index.php?id=1011010' target=_blank>&quot;Дикая дев&#</a>|1011010|||
1764124963|+5|Полина||За добавление темы <a href='index.php?id=1021068' target=_blank>Актуальный информ-доступ</a>|1021068|||
1764246397|+5|GeorgeRom||За добавление темы <a href='index.php?id=1021069' target=_blank>Hallo, i am write about your the price</a>|1021069|||
1765629349|+5|Oliviaped9732||За добавление темы <a href='index.php?id=1011011' target=_blank>“Смелая ч&#1</a>|1011011|||
1765905559|+5|Oliviaped9318||За добавление темы <a href='index.php?id=1011012' target=_blank>&quot;Соблазни&#1</a>|1011012|||
1766273963|+5|Oliviaped4980||За добавление темы <a href='index.php?id=1011013' target=_blank>&quot;Ненасытн&#1</a>|1011013|||
1766389556|+5|GeorgeRom||За добавление темы <a href='index.php?id=1021070' target=_blank>Hello  i writing about your the prices</a>|1021070|||
1766555518|+5|Avaped6520||За добавление темы <a href='index.php?id=1011014' target=_blank>&quot;Ненасытн&#1</a>|1011014|||
1766641498|+5|Avtoservis_ruPi||За добавление темы <a href='index.php?id=1011015' target=_blank>Автосервис Тойота в Москве</a>|1011015|||
1766851292|+5|Isabellaped2273||За добавление темы <a href='index.php?id=1011016' target=_blank>- Отчаянно &</a>|1011016|||
1767517294|+5|Emmaped3593||За добавление темы <a href='index.php?id=1011017' target=_blank>&quot;Дикая дев&#</a>|1011017|||
1767805373|+5|Isabellaped4683||За добавление темы <a href='index.php?id=1011018' target=_blank>&quot;Дикая дев&#</a>|1011018|||
1768112294|+5|Isabellaped2775||За добавление темы <a href='index.php?id=1011019' target=_blank>- Я покажу т</a>|1011019|||
1768350145|+5|The_tqkn||За добавление темы <a href='index.php?id=1011020' target=_blank>The Title Balcony Nai Yang is a modern beachfront condominiu</a>|1011020|||
1768550516|+5|GeorgeRom||За добавление темы <a href='index.php?id=1021071' target=_blank>Hi  wrote about the price</a>|1021071|||
1768592497|+5|Ameliaped2215||За добавление темы <a href='index.php?id=1011021' target=_blank>&quot;Erotic Encounter Awaits You&quot; </a>|1011021|||
1768789572|+5|Obuchenie_ylMl||За добавление темы <a href='index.php?id=1011022' target=_blank>Обучение XRumer и GSA ser</a>|1011022|||
1768899494|+5|Ameliaped7780||За добавление темы <a href='index.php?id=1011023' target=_blank>&quot;Night's Sensual Promises Fulfilled&quot; </a>|1011023|||
1769250608|+5|Ameliaped6984||За добавление темы <a href='index.php?id=1011024' target=_blank>&quot;Sinful Delights on the Menu&quot; </a>|1011024|||
1769568286|+5|Oliviaped4108||За добавление темы <a href='index.php?id=1011025' target=_blank>&quot;Passion's Hungry Mauling&quot; </a>|1011025|||
1769833212|+5|kosmetolog_upPn||За добавление темы <a href='index.php?id=1011026' target=_blank>косметология</a>|1011026|||
1770020780|+5|Avaped5261||За добавление темы <a href='index.php?id=1011027' target=_blank>Sweet and spicy girl. </a>|1011027|||
1770343257|+5|Oliviaped6893||За добавление темы <a href='index.php?id=1011028' target=_blank>Come and get it. </a>|1011028|||
1770628260|+1|Liozenda||За добавление сообщения в теме <a href='index.php?id=1011028' target=_blank>Come and get it. </a>|1011028|||
1770628382|+1|Liozenda||За добавление сообщения в теме <a href='index.php?id=1011028' target=_blank>Come and get it. </a>|1011028|||
1770628489|+1|Liozenda||За добавление сообщения в теме <a href='index.php?id=1011028' target=_blank>Come and get it. </a>|1011028|||
1770628559|+1|Liozenda||За добавление сообщения в теме <a href='index.php?id=1011028' target=_blank>Come and get it. </a>|1011028|||
1770628639|+1|Liozenda||За добавление сообщения в теме <a href='index.php?id=1011028' target=_blank>Come and get it. </a>|1011028|||
1770628850|+1|Liozenda||За добавление сообщения в теме <a href='index.php?id=1011028' target=_blank>Come and get it. </a>|1011028|||
1770629150|+1|Liozenda||За добавление сообщения в теме <a href='index.php?id=1011028' target=_blank>Come and get it. </a>|1011028|||
1770629293|+1|Liozenda||За добавление сообщения в теме <a href='index.php?id=1011028' target=_blank>Come and get it. </a>|1011028|||
1770964486|+1|Liozenda||За добавление сообщения в теме <a href='index.php?id=1011001' target=_blank>Возможности скрипта форума WR-Forum 2.0</a>|1011001|||
1772647730|+5|Глеб||За добавление темы <a href='index.php?id=1021001' target=_blank>Нужно проверить</a>|1021001|||
